,voie,nom_comm,code_post,nom_region
0,Impasse Claude Debussy,Aix-les-Bains,73100,Auvergne-Rhône-Alpes
1,Impasse Debussy,Arbent,1100,Auvergne-Rhône-Alpes
2,Rue Claude Debussy,Aubenas,7200,Auvergne-Rhône-Alpes
3,Allée Claude Debussy,Aubière,63170,Auvergne-Rhône-Alpes
4,Rue Claude Debussy,Aurillac,15000,Auvergne-Rhône-Alpes
5,Allée Claude Debussy,Beaumont,63110,Auvergne-Rhône-Alpes
6,Rue Claude Debussy,Beaumont,63110,Auvergne-Rhône-Alpes
7,Rue Claude Debussy,Belley,1300,Auvergne-Rhône-Alpes
8,Rue Debussy,Bonneville,74130,Auvergne-Rhône-Alpes
9,Rue Claude Debussy,Bourg-de-Péage,26300,Auvergne-Rhône-Alpes
10,Rue Claude Debussy,Bourgoin-Jallieu,38300,Auvergne-Rhône-Alpes
11,Rue Debussy,Bussières,42510,Auvergne-Rhône-Alpes
12,Allée Debussy,Cébazat,63118,Auvergne-Rhône-Alpes
13,Avenue Debussy,Cébazat,63118,Auvergne-Rhône-Alpes
14,Allée Claude Debussy,Chabeuil,26120,Auvergne-Rhône-Alpes
15,Boulevard Claude Debussy,Chassieu,69680,Auvergne-Rhône-Alpes
16,Rue Claude Debussy,Châtel-Guyon,63140,Auvergne-Rhône-Alpes
17,Impasse Claude Debussy,Chatuzange-le-Goubet,26300,Auvergne-Rhône-Alpes
18,Rue Claude Debussy,Chatuzange-le-Goubet,26300,Auvergne-Rhône-Alpes
19,Rue Claude Debussy,Chazay-d'Azergues,69380,Auvergne-Rhône-Alpes
20,Rue Claude Debussy,Cognin,73160,Auvergne-Rhône-Alpes
21,Rue Claude Debussy,Coubon,43700,Auvergne-Rhône-Alpes
22,Place Claude Debussy,Davézieux,7430,Auvergne-Rhône-Alpes
23,Rue Claude Debussy,Décines-Charpieu,69150,Auvergne-Rhône-Alpes
24,Allée Claude Debussy,Écully,69130,Auvergne-Rhône-Alpes
25,Impasse Claude Debussy,Feyzin,69320,Auvergne-Rhône-Alpes
26,Rue Claude Debussy,Grenoble,38000,Auvergne-Rhône-Alpes
27,Rue Claude Debussy,Livron-sur-Drôme,26250,Auvergne-Rhône-Alpes
28,Rue Claude Debussy,Meyzieu,69330,Auvergne-Rhône-Alpes
29,Rue Claude Debussy,Mions,69780,Auvergne-Rhône-Alpes
30,Debussy,Moirans,38430,Auvergne-Rhône-Alpes
31,Allée Claude Debussy,Montélimar,26200,Auvergne-Rhône-Alpes
32,Avenue Claude Debussy,Montluçon,3100,Auvergne-Rhône-Alpes
33,Rue Claude Debussy,Montluçon,3100,Auvergne-Rhône-Alpes
34,Rue Claude Debussy,Orcet,63670,Auvergne-Rhône-Alpes
35,Impasse Debussy,Oyonnax,1100,Auvergne-Rhône-Alpes
36,Allée Claude Debussy,Pierrelatte,26700,Auvergne-Rhône-Alpes
37,Rue Claude Debussy,Poisat,38320,Auvergne-Rhône-Alpes
38,Rue Debussy,Pont-du-Château,63430,Auvergne-Rhône-Alpes
39,Rue Claude Debussy,Portes-lès-Valence,26800,Auvergne-Rhône-Alpes
40,Rue Claude Debussy,Roche-la-Molière,42230,Auvergne-Rhône-Alpes
41,Impasse Debussy,Roussillon,38150,Auvergne-Rhône-Alpes
42,Rue Claude Debussy,Rumilly,74150,Auvergne-Rhône-Alpes
43,Impasse Claude Debussy,Sablons,38550,Auvergne-Rhône-Alpes
44,Rue Claude Debussy,Saint-André-le-Puy,42210,Auvergne-Rhône-Alpes
45,Rue Claude Debussy,Saint-Cyr-au-Mont-d'Or,69450,Auvergne-Rhône-Alpes
46,Allée Debussy,Saint-Denis-lès-Bourg,1000,Auvergne-Rhône-Alpes
47,Impasse Debussy,Saint-Denis-lès-Bourg,1000,Auvergne-Rhône-Alpes
48,Rue Debussy,Saint-Denis-lès-Bourg,1000,Auvergne-Rhône-Alpes
49,Allée Claude Debussy,Saint-Étienne,42000,Auvergne-Rhône-Alpes
50,Allée Claude Debussy,Saint-Genis-Laval,69230,Auvergne-Rhône-Alpes
51,Rue Claude-Debussy,Saint-Maurice-de-Beynost,1700,Auvergne-Rhône-Alpes
52,Allée Claude Debussy,Saint-Pourçain-sur-Sioule,3500,Auvergne-Rhône-Alpes
53,Rue Claude Debussy,Saint-Priest,69800,Auvergne-Rhône-Alpes
54,Rue Claude Debussy,Saint-Sorlin-en-Valloire,26210,Auvergne-Rhône-Alpes
55,Allée Claude Debussy,Saint-Symphorien-d'Ozon,69360,Auvergne-Rhône-Alpes
56,Rue Claude Debussy,Valence,26000,Auvergne-Rhône-Alpes
57,Chemin Claude Debussy,Vaulx-en-Velin,69120,Auvergne-Rhône-Alpes
58,Rue Claude Debussy,Vaulx-Milieu,38090,Auvergne-Rhône-Alpes
59,Rue Claude Debussy,Vénissieux,69200,Auvergne-Rhône-Alpes
60,Rue Claude Debussy,Villard-Bonnot,38190,Auvergne-Rhône-Alpes
61,Avenue Claude Debussy,Ville-la-Grand,74100,Auvergne-Rhône-Alpes
62,Rue Claude Debussy,Villefontaine,38090,Auvergne-Rhône-Alpes
63,Rue Claude Debussy,Villefranche-sur-Saône,69400,Auvergne-Rhône-Alpes
64,Rue Claude Debussy,Villerest,42300,Auvergne-Rhône-Alpes
65,Impasse Claude Debussy,Voreppe,38340,Auvergne-Rhône-Alpes
66,Rue Claude Debussy,Yzeure,3400,Auvergne-Rhône-Alpes
67,Rue Claude Debussy,Auxerre,89000,Bourgogne-Franche-Comté
68,Rue Claude Debussy,Avallon,89200,Bourgogne-Franche-Comté
69,Impasse Claude Debussy,Beaucourt,90500,Bourgogne-Franche-Comté
70,Rue Claude Debussy,Beaune,21200,Bourgogne-Franche-Comté
71,Rue Claude Debussy,Besançon,25000,Bourgogne-Franche-Comté
72,Rue Claude Debussy,Blanzy,71450,Bourgogne-Franche-Comté
73,Impasse Debussy,Brazey-en-Plaine,21470,Bourgogne-Franche-Comté
74,Rue Claude Debussy,Châtenoy-le-Royal,71880,Bourgogne-Franche-Comté
75,Rue Claude Debussy,Châtillon-sur-Seine,21400,Bourgogne-Franche-Comté
76,Impasse Claude Debussy,Chevigny-Saint-Sauveur,21800,Bourgogne-Franche-Comté
77,Rue Claude Debussy,Cize,39300,Bourgogne-Franche-Comté
78,Rue Claude Debussy,Coulanges-lès-Nevers,58660,Bourgogne-Franche-Comté
79,Rue Claude Debussy,Delle,90100,Bourgogne-Franche-Comté
80,Rue Claude Debussy,Dijon,21000,Bourgogne-Franche-Comté
81,Rue Claude Debussy,Essert,90850,Bourgogne-Franche-Comté
82,Rue Claude Debussy,Héricourt,70400,Bourgogne-Franche-Comté
83,Rue Debussy,Imphy,58160,Bourgogne-Franche-Comté
84,Rue Claude Debussy,Joigny,89300,Bourgogne-Franche-Comté
85,Rue Claude Debussy,Lons-le-Saunier,39000,Bourgogne-Franche-Comté
86,Rue Claude Debussy,Louhans,71500,Bourgogne-Franche-Comté
87,Rue Claude Debussy,Mâcon,71000,Bourgogne-Franche-Comté
88,Rue Claude Debussy,Migennes,89400,Bourgogne-Franche-Comté
89,Rue Alfred Debussy,Montbard,21500,Bourgogne-Franche-Comté
90,Rue François Debussy,Montbard,21500,Bourgogne-Franche-Comté
91,Rue Claude Debussy,Montbéliard,25200,Bourgogne-Franche-Comté
92,Rue Debussy,Montceau-les-Mines,71300,Bourgogne-Franche-Comté
93,Rue Claude Debussy,Navenne,70000,Bourgogne-Franche-Comté
94,Rue Claude Debussy,Paron,89100,Bourgogne-Franche-Comté
95,Rue Claude Debussy,Pont-sur-Yonne,89140,Bourgogne-Franche-Comté
96,Rue Debussy,Pontarlier,25300,Bourgogne-Franche-Comté
97,Impasse Claude Debussy,Saint-Florentin,89600,Bourgogne-Franche-Comté
98,Rue Claude Debussy,Saint-Florentin,89600,Bourgogne-Franche-Comté
99,Rue Claude Debussy,Saint-Marcel,71380,Bourgogne-Franche-Comté
100,Rue Claude Debussy,Saint-Rémy,71100,Bourgogne-Franche-Comté
101,Rue Claude Debussy,Sanvignes-les-Mines,71410,Bourgogne-Franche-Comté
102,Allée Claude Debussy,Saulieu,21210,Bourgogne-Franche-Comté
103,Rue Claude Debussy,Seloncourt,25230,Bourgogne-Franche-Comté
104,Rue Claude Debussy,Sens,89100,Bourgogne-Franche-Comté
105,Rue Claude Debussy,Valentigney,25700,Bourgogne-Franche-Comté
106,Rue Claude Debussy,Villeneuve-la-Guyard,89340,Bourgogne-Franche-Comté
107,Rue Claude Debussy,Argentré-du-Plessis,35370,Bretagne
108,Rue Claude Debussy,Audierne,29770,Bretagne
109,Rue Claude Debussy,Auray,56400,Bretagne
110,Rue Claude Debussy,Betton,35830,Bretagne
111,Rue Claude Debussy,Brest,29200,Bretagne
112,Rue Debussy,Bruz,35170,Bretagne
113,Rue Claude Debussy,Carhaix-Plouguer,29270,Bretagne
114,Rue Claude Debussy,Concarneau,29900,Bretagne
115,Allée Debussy,Ergué-Gabéric,29500,Bretagne
116,Rue Claude Debussy,Guidel,56520,Bretagne
117,Rue Claude Debussy,Hennebont,56700,Bretagne
118,Rue Claude Debussy,Landerneau,29800,Bretagne
119,Rue Claude Debussy,Lanester,56600,Bretagne
120,Rue Claude Debussy,Langueux,22360,Bretagne
121,Rue Claude Debussy,Lannion,22300,Bretagne
122,Rue Claude Debussy,Larmor-Plage,56260,Bretagne
123,Rue Claude Debussy,Lécousse,35133,Bretagne
124,Rue Claude Debussy,Lorient,56100,Bretagne
125,Rue Claude Debussy,Loudéac,22600,Bretagne
126,Rue Claude Debussy,Noyal-Pontivy,56920,Bretagne
127,Rue Claude Debussy,Noyal-sur-Vilaine,35530,Bretagne
128,Residence Claude Debussy,Pleugriffet,56120,Bretagne
129,Allée Debussy,Ploërmel,56800,Bretagne
130,Rue Claude Debussy,Ploufragan,22440,Bretagne
131,Allée Debussy,Plourin-lès-Morlaix,29600,Bretagne
132,Rue Claude Debussy,Pontivy,56300,Bretagne
133,Rue Claude Debussy,Pordic,22590,Bretagne
134,Rue Debussy,Quimperlé,29300,Bretagne
135,Place Debussy,Rannée,35130,Bretagne
136,Allée Claude Debussy,Rennes,35000,Bretagne
137,Rue Debussy,Saint-Brieuc,22000,Bretagne
138,Allée Claude Debussy,Saint-Grégoire,35760,Bretagne
139,Allée Claude Debussy,Saint-Jacques-de-la-Lande,35136,Bretagne
140,Rue Claude Debussy,Sarzeau,56370,Bretagne
141,Rue Claude Debussy,Theix-Noyalo,56450,Bretagne
142,Rue Claude Debussy,Thorigné-Fouillard,35235,Bretagne
143,Rue Claude Debussy,Trégueux,22950,Bretagne
144,Rue Claude Debussy,Vannes,56000,Bretagne
145,Rue Claude Debussy,Vezin-le-Coquet,35132,Bretagne
146,Espace Debussy,Vitré,35500,Bretagne
147,Rue Claude Debussy,Argenton-sur-Creuse,36200,Centre-Val de Loire
148,Allée Claude Debussy,Bourges,18000,Centre-Val de Loire
149,Rue Claude Debussy,Châlette-sur-Loing,45120,Centre-Val de Loire
150,Rue Claude Debussy,Chartres,28000,Centre-Val de Loire
151,Rue Claude Debussy,Château-la-Vallière,37330,Centre-Val de Loire
152,Rue Claude Debussy,Château-Renault,37110,Centre-Val de Loire
153,Rue Claude Debussy,Châteauroux,36000,Centre-Val de Loire
154,Passage Claude Debussy,Cinq-Mars-la-Pile,37130,Centre-Val de Loire
155,Impasse Claude Debussy,Courtenay,45320,Centre-Val de Loire
156,Rue Claude Debussy,Fleury-les-Aubrais,45400,Centre-Val de Loire
157,Rue Claude Debussy,Fondettes,37230,Centre-Val de Loire
158,Rue Claude Debussy,Fussy,18110,Centre-Val de Loire
159,Rue Claude Debussy,Gien,45500,Centre-Val de Loire
160,Rue Claude Debussy,Ingré,45140,Centre-Val de Loire
161,Rue Debussy,Joué-lès-Tours,37300,Centre-Val de Loire
162,Allée Claude Debussy,Maintenon,28130,Centre-Val de Loire
163,Rue Claude Debussy,Mainvilliers,28300,Centre-Val de Loire
164,Impasse Claude Debussy,Meusnes,41130,Centre-Val de Loire
165,Rue Claude Debussy,Meusnes,41130,Centre-Val de Loire
166,Allée Debussy,Mondoubleau,41170,Centre-Val de Loire
167,Rue Claude Debussy,Montbazon,37250,Centre-Val de Loire
168,Rue Claude Debussy,Monts,37260,Centre-Val de Loire
169,Rue Claude Debussy,Naveil,41100,Centre-Val de Loire
170,Rue Claude Debussy,Olivet,45160,Centre-Val de Loire
171,Square Claude Debussy,Pithiviers,45300,Centre-Val de Loire
172,Allée Claude Debussy,Puiseaux,45390,Centre-Val de Loire
173,Rue Claude Debussy,Saint-Amand-Montrond,18200,Centre-Val de Loire
174,Allée Claude Debussy,Saint-Jean-de-Braye,45800,Centre-Val de Loire
175,Rue Claude Debussy,Saint-Jean-de-Braye,45800,Centre-Val de Loire
176,Allée Claude Debussy,Saint-Jean-de-la-Ruelle,45140,Centre-Val de Loire
177,Chemin Debussy,Saint-Martin-le-Beau,37270,Centre-Val de Loire
178,Rue Claude Debussy,Tours,37000,Centre-Val de Loire
179,Rue Claude Debussy,Vendôme,41100,Centre-Val de Loire
180,Rue Claude Debussy,Vernouillet,28500,Centre-Val de Loire
181,Mail Claude Debussy,Vineuil,41350,Centre-Val de Loire
182,Rue Claude Debussy,Anould,88650,Grand Est
183,Impasse Claude Debussy,Aubrives,8320,Grand Est
184,Rue Claude Debussy,Bischwiller,67240,Grand Est
185,Rue Claude Debussy,Bousse,57310,Grand Est
186,Rue Debussy,Bouzonville,57320,Grand Est
187,Boucle Claude Debussy,Cattenom,57570,Grand Est
188,Rue Claude Debussy,Châlons-en-Champagne,51000,Grand Est
189,Rue Claude Debussy,Champigneulles,54250,Grand Est
190,Rue Claude Debussy,Charleville-Mézières,8000,Grand Est
191,Place Claude Debussy,Colmar,68000,Grand Est
192,Avenue Debussy,Creutzwald,57150,Grand Est
193,Rue Debussy,Falck,57550,Grand Est
194,Impasse Claude Debussy,Folschviller,57730,Grand Est
195,Rue Claude Debussy,Geispolsheim,67118,Grand Est
196,Impasse Claude Debussy,Ham-sous-Varsberg,57880,Grand Est
197,Impasse Claude Debussy,Haybes,8170,Grand Est
198,Rue Claude Debussy,Hochstatt,68720,Grand Est
199,Place Claude Debussy,Jarny,54800,Grand Est
200,Rue Claude Debussy,Jarny,54800,Grand Est
201,Rue Claude Debussy,Jouy-aux-Arches,57130,Grand Est
202,Rue Claude Debussy,Kingersheim,68260,Grand Est
203,Rue Debussy,Lipsheim,67640,Grand Est
204,Rue Debussy,Liverdun,54460,Grand Est
205,Rue Claude Debussy,Ludres,54710,Grand Est
206,Rue Claude Debussy,Mulhouse,68100,Grand Est
207,Rue Debussy,Mundolsheim,67450,Grand Est
208,Rue Claude Debussy,Nancy,54000,Grand Est
209,Rue Claude Debussy,Nogent,52800,Grand Est
210,Rue Claude Debussy,Nogent-sur-Seine,10400,Grand Est
211,Rue Claude Debussy,Pont-Sainte-Marie,10150,Grand Est
212,Rue Claude Debussy,Reichstett,67116,Grand Est
213,Rue Claude Debussy,Reims,51100,Grand Est
214,Rue Claude Debussy,Rombas,57120,Grand Est
215,Impasse Debussy,Rouhling,57520,Grand Est
216,Rue Claude Debussy,Saint-Dié-des-Vosges,88100,Grand Est
217,Rue Claude Debussy,Saint-Lyé,10180,Grand Est
218,Rue Claude Debussy,Sainte-Savine,10300,Grand Est
219,Rue Claude Debussy,Sarrebourg,57400,Grand Est
220,Allée Claude Debussy,Saulxures-lès-Nancy,54420,Grand Est
221,Rue Claude Debussy,Sélestat,67600,Grand Est
222,Impasse Debussy,Steinseltz,67160,Grand Est
223,Rue Claude Debussy,Vandœuvre-lès-Nancy,54500,Grand Est
224,Rue Claude Debussy,Varangéville,54110,Grand Est
225,Rue Debussy,Wasselonne,67310,Grand Est
226,Rue Claude Debussy,Amiens,80000,Hauts-de-France
227,Rue Claude Debussy,Annœullin,59112,Hauts-de-France
228,Rue Debussy,Arras,62000,Hauts-de-France
229,Rue Claude Debussy,Baisieux,59780,Hauts-de-France
230,Rue Claude Debussy,Beauvais,60000,Hauts-de-France
231,Rue Claude Debussy,Belleu,2200,Hauts-de-France
232,Rue Claude Debussy,Béthune,62400,Hauts-de-France
233,Rue Debussy,Beuvry,62660,Hauts-de-France
234,Rue Claude Debussy,Biache-Saint-Vaast,62118,Hauts-de-France
235,Rue Claude Debussy,Blendecques,62575,Hauts-de-France
236,Residence la Peupleraie Debussy,Bornel,60540,Hauts-de-France
237,Rue Claude Debussy,Bouchain,59111,Hauts-de-France
238,Square Claude Debussy,Boulogne-sur-Mer,62200,Hauts-de-France
239,Rue Debussy,Bourbourg,59630,Hauts-de-France
240,Rue Claude Debussy,Calais,62100,Hauts-de-France
241,Rue Claude Debussy,Cambrai,59400,Hauts-de-France
242,Rue Claude Debussy,Carvin,62220,Hauts-de-France
243,Rue Debussy,Catenoy,60840,Hauts-de-France
244,Impasse Claude Debussy,Chambly,60230,Hauts-de-France
245,Résidence Claude Debussy,Château-Thierry,2400,Hauts-de-France
246,Impasse Claude Debussy,Clermont,60600,Hauts-de-France
247,Rue Claude Debussy,Comines,59560,Hauts-de-France
248,Square Claude Debussy,Compiègne,60200,Hauts-de-France
249,Impasse Debussy,Coulogne,62137,Hauts-de-France
250,Rue Claude Debussy,Coulogne,62137,Hauts-de-France
251,Rue Claude Debussy,Creil,60100,Hauts-de-France
252,Rue Claude Debussy,Crépy-en-Valois,60800,Hauts-de-France
253,Rue Claude Debussy,Douai,59500,Hauts-de-France
254,Rue Claude Debussy,Dourges,62119,Hauts-de-France
255,Rue Claude Debussy,Douvrin,62138,Hauts-de-France
256,Allée Claude Debussy,Escaudain,59124,Hauts-de-France
257,Allée Debussy,Étaples,62630,Hauts-de-France
258,Rue Claude Debussy,Évin-Malmaison,62141,Hauts-de-France
259,Rue Debussy,Faches-Thumesnil,59155,Hauts-de-France
260,Rue Claude Debussy,Friville-Escarbotin,80130,Hauts-de-France
261,Rue Claude Debussy,Gouvieux,60270,Hauts-de-France
262,Rue Debussy,Grande-Synthe,59760,Hauts-de-France
263,Square Debussy,Gravelines,59820,Hauts-de-France
264,Rue Debussy,Grenay,62160,Hauts-de-France
265,Place Claude Debussy,Halluin,59250,Hauts-de-France
266,Rue Claude Debussy,Hazebrouck,59190,Hauts-de-France
267,Rue Claude Debussy,Hénin-Beaumont,62110,Hauts-de-France
268,Rue Claude Debussy,Hornaing,59171,Hauts-de-France
269,Rue Claude Debussy,Houplines,59116,Hauts-de-France
270,Rue Claude Debussy,Lambersart,59130,Hauts-de-France
271,Residence Claude Debussy,Leforest,62790,Hauts-de-France
272,Rue Claude Debussy,Lens,62300,Hauts-de-France
273,Rue Claude Debussy,Liesse-Notre-Dame,2350,Hauts-de-France
274,Rue Claude Debussy,Liévin,62800,Hauts-de-France
275,Residence Claude Debussy,Lille,59000,Hauts-de-France
276,Rue Claude Debussy,Lille,59000,Hauts-de-France
277,Rue Claude Debussy,Linselles,59126,Hauts-de-France
278,Rue Claude Debussy,Longuenesse,62219,Hauts-de-France
279,Rue Claude Debussy,Loon-Plage,59279,Hauts-de-France
280,Rue Claude Debussy,Loos-en-Gohelle,62750,Hauts-de-France
281,Rue Claude-Debussy,Louvroil,59720,Hauts-de-France
282,Rue Claude Debussy,Marck,62730,Hauts-de-France
283,Rue Claude Debussy,Marquette-lez-Lille,59520,Hauts-de-France
284,Allee Debussy,Mazingarbe,62670,Hauts-de-France
285,Rue Claude Debussy,Mercin-et-Vaux,2200,Hauts-de-France
286,Allée Claude Debussy,Méru,60110,Hauts-de-France
287,Impasse Claude Debussy,Merville,59660,Hauts-de-France
288,Rue Claude Debussy,Montigny-en-Gohelle,62640,Hauts-de-France
289,Rue Claude Debussy,Montigny-en-Ostrevent,59182,Hauts-de-France
290,Rue Claude Debussy,Nieppe,59850,Hauts-de-France
291,Allée Claude Debussy,Nogent-sur-Oise,60180,Hauts-de-France
292,Rue Claude Debussy,Noyon,60400,Hauts-de-France
293,Rue Claude Debussy,Oignies,62590,Hauts-de-France
294,Cité Claude Debussy,Origny-Sainte-Benoite,2390,Hauts-de-France
295,Rue Claude Debussy,Outreau,62230,Hauts-de-France
296,Rue Claude Debussy,Oye-Plage,62215,Hauts-de-France
297,Rue Claude Debussy,Pérenchies,59840,Hauts-de-France
298,Rue Claude Debussy,Pont-à-Marcq,59710,Hauts-de-France
299,Place Claude Debussy,Pont-Sainte-Maxence,60700,Hauts-de-France
300,Rue Claude Debussy,Poulainville,80260,Hauts-de-France
301,Rue Claude Debussy,Ronchin,59790,Hauts-de-France
302,Rue Claude Debussy,Roost-Warendin,59286,Hauts-de-France
303,Rue Claude Debussy,Sainghin-en-Weppes,59184,Hauts-de-France
304,Rue Claude Debussy,Saint-André-lez-Lille,59350,Hauts-de-France
305,Rue Claude Debussy,Saint-Just-en-Chaussée,60130,Hauts-de-France
306,Allée Claude Debussy,Saint-Léonard,62360,Hauts-de-France
307,Rue Claude Debussy,Saint-Quentin,2100,Hauts-de-France
308,Square Debussy,Saint-Saulve,59880,Hauts-de-France
309,Allée Debussy,Sangatte,62231,Hauts-de-France
310,Rue Claude Debussy,Saultain,59990,Hauts-de-France
311,Avenue Claude Debussy,Senlis,60300,Hauts-de-France
312,Rue Claude Debussy,Sequedin,59320,Hauts-de-France
313,Rue Claude Debussy,Téteghem-Coudekerque-Village,59229,Hauts-de-France
314,Allée Claude Debussy,Vendin-le-Vieil,62880,Hauts-de-France
315,Rue Claude Debussy,Venette,60280,Hauts-de-France
316,Rue Claude Debussy,Villeneuve-d'Ascq,59491,Hauts-de-France
317,Square Debussy,Villers-Cotterêts,2600,Hauts-de-France
318,Rue Claude Debussy,Vimy,62580,Hauts-de-France
319,Rue Claude Debussy,Wallers,59135,Hauts-de-France
320,Square Claude Debussy,Wattrelos,59150,Hauts-de-France
321,Rue Claude Debussy,Wimereux,62930,Hauts-de-France
322,Rue Claude Debussy,Achères,78260,Île-de-France
323,Rue Claude Debussy,Andrésy,78570,Île-de-France
324,Square Claude Debussy,Antony,92160,Île-de-France
325,Rue Claude Debussy,Arnouville,95400,Île-de-France
326,Allée Debussy,Athis-Mons,91200,Île-de-France
327,Rue Claude Debussy,Aubergenville,78410,Île-de-France
328,Rue Claude Debussy,Aulnay-sous-Bois,93600,Île-de-France
329,Rue Claude Debussy,Bagneux,92220,Île-de-France
330,Allée Claude Debussy,Ballainvilliers,91160,Île-de-France
331,Rue Claude Debussy,Ballancourt-sur-Essonne,91610,Île-de-France
332,Rue Claude Debussy,Bois-d'Arcy,78390,Île-de-France
333,Allee Claude Debussy,Bondy,93140,Île-de-France
334,Rue Claude Debussy,Bonnières-sur-Seine,78270,Île-de-France
335,Allée Claude Debussy,Brie-Comte-Robert,77170,Île-de-France
336,Place Claude Debussy,Bruyères-sur-Oise,95820,Île-de-France
337,Rue Claude Debussy,Buc,78530,Île-de-France
338,Cour Claude Debussy,Bussy-Saint-Georges,77600,Île-de-France
339,Rue Debussy,Butry-sur-Oise,95430,Île-de-France
340,Rue Claude Debussy,Château-Landon,77570,Île-de-France
341,Allée Claude Debussy,Châtenay-Malabry,92290,Île-de-France
342,Square Claude Debussy,Chatou,78400,Île-de-France
343,Allée Debussy,Chelles,77500,Île-de-France
344,Avenue Claude Debussy,Chennevières-sur-Marne,94430,Île-de-France
345,Rue Claude Debussy,Chilly-Mazarin,91380,Île-de-France
346,Place Claude Debussy,Claye-Souilly,77410,Île-de-France
347,Square Debussy,Claye-Souilly,77410,Île-de-France
348,Avenue Claude Debussy,Clichy,92110,Île-de-France
349,Allée Claude Debussy,Clichy-sous-Bois,93390,Île-de-France
350,Avenue Claude Debussy,Colombes,92700,Île-de-France
351,Rue Claude Debussy,Combs-la-Ville,77380,Île-de-France
352,Allée Claude Debussy,Conflans-Sainte-Honorine,78700,Île-de-France
353,Rue Claude Debussy,Courtry,77181,Île-de-France
354,Rue Claude Debussy,Crégy-lès-Meaux,77124,Île-de-France
355,Rue Claude Debussy,Créteil,94000,Île-de-France
356,Rue Claude Debussy,Dammarie-les-Lys,77190,Île-de-France
357,Place Claude Debussy,Domont,95330,Île-de-France
358,Allée Debussy,Dourdan,91410,Île-de-France
359,Rue Claude Debussy,Écouen,95440,Île-de-France
360,Rue Claude Debussy,Épinay-sur-Orge,91360,Île-de-France
361,Rue Claude Debussy,Épinay-sur-Seine,93800,Île-de-France
362,Rue Claude Debussy,Ermont,95120,Île-de-France
363,Rue Debussy,Esbly,77450,Île-de-France
364,Rue Claude Debussy,Étréchy,91580,Île-de-France
365,Avenue Claude Debussy,Fontenay-le-Fleury,78330,Île-de-France
366,Rue Claude Debussy,Fontenay-Trésigny,77610,Île-de-France
367,Allée Claude Debussy,Forges-les-Bains,91470,Île-de-France
368,Avenue Debussy,Fosses,95470,Île-de-France
369,Allée Claude Debussy,Franconville,95130,Île-de-France
370,Allee Claude Debussy,Fresnes,94260,Île-de-France
371,Allée Claude Debussy,Garges-lès-Gonesse,95140,Île-de-France
372,Rue Claude Debussy,Garges-lès-Gonesse,95140,Île-de-France
373,Avenue Claude Debussy,Gennevilliers,92230,Île-de-France
374,Avenue Claude Debussy,Gometz-le-Châtel,91940,Île-de-France
375,Rue Claude Debussy,Gonesse,95500,Île-de-France
376,Rue Claude Debussy,Gournay-sur-Marne,93460,Île-de-France
377,Rue Claude Debussy,Guyancourt,78280,Île-de-France
378,Rue Claude Debussy,Houilles,78800,Île-de-France
379,Rue Claude Debussy,Jouy-le-Moutier,95280,Île-de-France
380,Rue Claude Debussy,Juvisy-sur-Orge,91260,Île-de-France
381,Rue Claude Debussy,Lagny-sur-Marne,77400,Île-de-France
382,Rue Debussy,Limours,91470,Île-de-France
383,Allée Claude Debussy,Longpont-sur-Orge,91310,Île-de-France
384,Rue Claude Debussy,Mantes-la-Jolie,78200,Île-de-France
385,Impasse Claude Debussy,Marcoussis,91460,Île-de-France
386,Parc Joffre Res Debussy,Meaux,77100,Île-de-France
387,Rue Claude Debussy,Melun,77000,Île-de-France
388,Rue Claude Debussy,Mériel,95630,Île-de-France
389,Cours Debussy,Montévrain,77144,Île-de-France
390,Rue Claude Debussy,Montmagny,95360,Île-de-France
391,Rue Claude Debussy,Montmorency,95160,Île-de-France
392,Allée Claude Debussy,Nangis,77370,Île-de-France
393,Rue Claude Debussy,Nanterre,92000,Île-de-France
394,Rue Claude Debussy,Noiseau,94880,Île-de-France
395,Allée Claude Debussy,Noisy-le-Grand,93160,Île-de-France
396,Allée Claude Debussy,Noisy-le-Roi,78590,Île-de-France
397,Rue Debussy,Nozay,91620,Île-de-France
398,Rue Claude Debussy,Ozoir-la-Ferrière,77330,Île-de-France
399,Allée Claude Debussy,Pantin,93500,Île-de-France
400,Allée Claude Debussy,Parmain,95620,Île-de-France
401,Rue Claude Debussy,Persan,95340,Île-de-France
402,Rue Claude Debussy,Pierrelaye,95220,Île-de-France
403,Rue Claude Debussy,Plaisir,78370,Île-de-France
404,Allée Claude Debussy,Pontault-Combault,77340,Île-de-France
405,Rue Claude Debussy,Pontoise,95000,Île-de-France
406,Place Claude Debussy,Pringy,77310,Île-de-France
407,Square Claude Debussy,Rambouillet,78120,Île-de-France
408,Avenue Claude Debussy,Roissy-en-Brie,77680,Île-de-France
409,Rue Claude Debussy,Rueil-Malmaison,92500,Île-de-France
410,Square Debussy,Saint-Brice-sous-Forêt,95350,Île-de-France
411,Rue Claude Debussy,Saint-Germain-en-Laye,78100,Île-de-France
412,Rue Claude Debussy,Saint-Germain-lès-Arpajon,91180,Île-de-France
413,Square Claude Debussy,Saint-Germain-lès-Corbeil,91250,Île-de-France
414,Rue Debussy,Saint-Michel-sur-Orge,91240,Île-de-France
415,Allée Claude Debussy,Saint-Prix,95390,Île-de-France
416,Rue Claude Debussy,Saint-Rémy-lès-Chevreuse,78470,Île-de-France
417,Rue Claude Debussy,Santeny,94440,Île-de-France
418,Allée Claude Debussy,Sarcelles,95200,Île-de-France
419,Impasse Claude Debussy,Sartrouville,78500,Île-de-France
420,Rue Claude Debussy,Sartrouville,78500,Île-de-France
421,Rue Claude Debussy,Savigny-sur-Orge,91600,Île-de-France
422,Rue Claude Debussy,Sceaux,92330,Île-de-France
423,Allée Debussy,Sevran,93270,Île-de-France
424,Allée Claude Debussy,Soisy-sous-Montmorency,95230,Île-de-France
425,Square Claude Debussy,Soisy-sur-Seine,91450,Île-de-France
426,Rue Claude Debussy,Tournan-en-Brie,77220,Île-de-France
427,Allée Claude Debussy,Trappes,78190,Île-de-France
428,Rue Claude Debussy,Tremblay-en-France,93290,Île-de-France
429,Rue Claude Debussy,Valenton,94460,Île-de-France
430,Rue Claude Debussy,Versailles,78000,Île-de-France
431,Rue Claude Debussy,Viarmes,95270,Île-de-France
432,Allée Claude Debussy,Vigneux-sur-Seine,91270,Île-de-France
433,Voie Claude Debussy,Villejuif,94800,Île-de-France
434,Allee Claude Debussy,Villeneuve-la-Garenne,92390,Île-de-France
435,Allée Claude Debussy,Villennes-sur-Seine,78670,Île-de-France
436,Impasse Debussy,Villepinte,93420,Île-de-France
437,Rue Debussy,Villepinte,93420,Île-de-France
438,Allée Claude Debussy,Villetaneuse,93430,Île-de-France
439,Rue Claude Debussy,Villiers-le-Bâcle,91190,Île-de-France
440,Rue Debussy,Villiers-Saint-Frédéric,78640,Île-de-France
441,Allée Claude Debussy,Vitry-sur-Seine,94400,Île-de-France
442,Rue Claude Debussy,Vitry-sur-Seine,94400,Île-de-France
443,Rue Claude Debussy,Voisins-le-Bretonneux,78960,Île-de-France
444,Allée Claude Debussy,Wissous,91320,Île-de-France
445,Impasse Claude Debussy,Alençon,61000,Normandie
446,Rue Claude Debussy,Argentan,61200,Normandie
447,Allée Claude Debussy,Barentin,76360,Normandie
448,Square Claude Debussy,Bonsecours,76240,Normandie
449,Rue Claude Debussy,Cherbourg-en-Cotentin,50100,Normandie
450,Rue Claude Debussy - la Glacer,Cherbourg-en-Cotentin,50100,Normandie
451,Rue Debussy,Cléon,76410,Normandie
452,Rue Debussy,Colombelles,14460,Normandie
453,Rue Claude Debussy,Damigny,61250,Normandie
454,Avenue Claude Debussy,Dieppe,76200,Normandie
455,Rue Claude Debussy,Douvres-la-Délivrande,14440,Normandie
456,Allée Claude Debussy,Fontaine-Étoupefour,14790,Normandie
457,Rue Claude Debussy,Gournay-en-Bray,76220,Normandie
458,Square Claude Debussy,Grand-Couronne,76530,Normandie
459,Rue Claude Debussy,Gravigny,27930,Normandie
460,Allee Claude Debussy,Hautot-sur-Mer,76550,Normandie
461,Place Claude Debussy,Ifs,14123,Normandie
462,Rue Claude Debussy,Incheville,76117,Normandie
463,Place Claude Debussy,Lisieux,14100,Normandie
464,Debussy 5/7 Rue la Londe,Louviers,27400,Normandie
465,Rue Claude Debussy,Manéglise,76133,Normandie
466,Rue Claude Debussy,Mondeville,14120,Normandie
467,Rue Claude Debussy,Montivilliers,76290,Normandie
468,Allée Claude Debussy,Notre-Dame-de-Bondeville,76960,Normandie
469,Allée Claude Debussy,Offranville,76550,Normandie
470,Rue Claude Debussy,Orbec,14290,Normandie
471,Rue Claude Debussy,Port-Jérôme-sur-Seine,76170,Normandie
472,Rue Claude Debussy,Rouen,76000,Normandie
473,Allée Claude Debussy,Saint-Contest,14280,Normandie
474,Rue Claude Debussy,Saint-Étienne-du-Rouvray,76800,Normandie
475,Rue Claude Debussy,Saint-Eustache-la-Forêt,76210,Normandie
476,Rue Claude Debussy,Saint-Pierre-lès-Elbeuf,76320,Normandie
477,Rue Claude Debussy,Tourville-la-Rivière,76410,Normandie
478,Allée Claude Debussy,Valframbert,61250,Normandie
479,Rue Claude Debussy,Ver-sur-Mer,14114,Normandie
480,Rue Debussy,Agen,47000,Nouvelle-Aquitaine
481,Rue Claude Debussy,Aiguillon,47190,Nouvelle-Aquitaine
482,Allée Claude Debussy,Ambazac,87240,Nouvelle-Aquitaine
483,Rue Claude Debussy,Andernos-les-Bains,33510,Nouvelle-Aquitaine
484,Rue Claude Debussy,Arcachon,33120,Nouvelle-Aquitaine
485,Allée Claude Debussy,Arès,33740,Nouvelle-Aquitaine
486,Rue Claude Debussy,Aubusson,23200,Nouvelle-Aquitaine
487,Rue Claude Debussy,Bègles,33130,Nouvelle-Aquitaine
488,Rue Claude Debussy,Bergerac,24100,Nouvelle-Aquitaine
489,Allée Claude Debussy,Biarritz,64200,Nouvelle-Aquitaine
490,Rue Claude Debussy,Billère,64140,Nouvelle-Aquitaine
491,Allée Claude Debussy,Biscarrosse,40600,Nouvelle-Aquitaine
492,Square Claude Debussy,Boé,47550,Nouvelle-Aquitaine
493,Rue Claude Debussy,Bordeaux,33000,Nouvelle-Aquitaine
494,Allée Claude Debussy,Bressuire,79300,Nouvelle-Aquitaine
495,Rue Claude Debussy,Brive-la-Gaillarde,19100,Nouvelle-Aquitaine
496,Rue Claude Debussy,Bruges,33520,Nouvelle-Aquitaine
497,Avenue Debussy,Capbreton,40130,Nouvelle-Aquitaine
498,Rue Debussy,Cerizay,79140,Nouvelle-Aquitaine
499,Rue Claude Debussy,Chaniers,17610,Nouvelle-Aquitaine
500,Impasse Claude Debussy,Clavette,17220,Nouvelle-Aquitaine
501,Rue Claude Debussy,Cognac,16100,Nouvelle-Aquitaine
502,Rue Debussy,Condat-sur-Vienne,87920,Nouvelle-Aquitaine
503,Chemin Debussy,Écoyeux,17770,Nouvelle-Aquitaine
504,Rue Claude Debussy,Eysines,33320,Nouvelle-Aquitaine
505,Rue Claude Debussy,Floirac,33270,Nouvelle-Aquitaine
506,Allée Debussy,Gradignan,33170,Nouvelle-Aquitaine
507,Allée Claude Debussy,Gujan-Mestras,33470,Nouvelle-Aquitaine
508,Rue Claude Debussy,Isle,87170,Nouvelle-Aquitaine
509,Square Claude Debussy,Jaunay-Marigny,86130,Nouvelle-Aquitaine
510,Impasse Debussy,Labenne,40530,Nouvelle-Aquitaine
511,Rue Claude Debussy,Lacanau,33680,Nouvelle-Aquitaine
512,Avenue Claude Debussy,Lanton,33138,Nouvelle-Aquitaine
513,Rue Debussy,Layrac,47390,Nouvelle-Aquitaine
514,Rue Claude Debussy,Léognan,33850,Nouvelle-Aquitaine
515,Allee Debussy,Lescar,64230,Nouvelle-Aquitaine
516,Rue Claude Debussy,Limoges,87000,Nouvelle-Aquitaine
517,Rue Claude Debussy,Loudun,86200,Nouvelle-Aquitaine
518,Rue Claude Debussy,Malemort,19360,Nouvelle-Aquitaine
519,Rue Debussy,Marans,17230,Nouvelle-Aquitaine
520,Rue Claude Debussy,Marmande,47200,Nouvelle-Aquitaine
521,Rue Claude Debussy,Mérignac,33700,Nouvelle-Aquitaine
522,Rue Debussy,Miramont-de-Guyenne,47800,Nouvelle-Aquitaine
523,Rue Claude Debussy,Montpon-Ménestérol,24700,Nouvelle-Aquitaine
524,Allée Debussy,Mourenx,64150,Nouvelle-Aquitaine
525,Rue Claude Debussy,Mussidan,24400,Nouvelle-Aquitaine
526,Rue Claude Debussy,Nay,64800,Nouvelle-Aquitaine
527,Rue Claude Debussy,Niort,79000,Nouvelle-Aquitaine
528,Rue Claude Debussy,Nueil-les-Aubiers,79250,Nouvelle-Aquitaine
529,Impasse Claude Debussy,Oloron-Sainte-Marie,64400,Nouvelle-Aquitaine
530,Rue Claude Debussy,Panazol,87350,Nouvelle-Aquitaine
531,Rue Claude Debussy,Parthenay,79200,Nouvelle-Aquitaine
532,Rue Claude Debussy,Pau,64000,Nouvelle-Aquitaine
533,Rue Claude Debussy,Pessac,33600,Nouvelle-Aquitaine
534,Rue Debussy,Port-des-Barques,17730,Nouvelle-Aquitaine
535,Rue Claude Debussy,Rilhac-Rancon,87570,Nouvelle-Aquitaine
536,Rue Claude Debussy,Royan,17200,Nouvelle-Aquitaine
537,Allée Claude Debussy,Ruelle-sur-Touvre,16600,Nouvelle-Aquitaine
538,Rue Claude Debussy,Saint-Germain-les-Belles,87380,Nouvelle-Aquitaine
539,Rue Claude Debussy,Saint-Jean-d'Angély,17400,Nouvelle-Aquitaine
540,Rue Claude Debussy,Saint-Junien,87200,Nouvelle-Aquitaine
541,Rue Claude Debussy,Saint-Médard-en-Jalles,33160,Nouvelle-Aquitaine
542,Rue Debussy,Saint-Palais-sur-Mer,17420,Nouvelle-Aquitaine
543,Rue Claude Debussy,Saint-Pardoux-Isaac,47800,Nouvelle-Aquitaine
544,Rue Claude Debussy,Saint-Paul-lès-Dax,40990,Nouvelle-Aquitaine
545,Rue Claude Debussy,Saint-Pierre-du-Mont,40280,Nouvelle-Aquitaine
546,Impasse Claude Debussy,Saint-Yrieix-sur-Charente,16710,Nouvelle-Aquitaine
547,Rue Claude Debussy,Sainte-Eulalie,33560,Nouvelle-Aquitaine
548,Rue Claude Debussy,Saintes,17100,Nouvelle-Aquitaine
549,Rue Claude Debussy,Salies-de-Béarn,64270,Nouvelle-Aquitaine
550,Rue Claude Debussy,Sarlat-la-Canéda,24200,Nouvelle-Aquitaine
551,Rue Claude Debussy,Serres-Castet,64121,Nouvelle-Aquitaine
552,Rue Claude Debussy,Soulac-sur-Mer,33780,Nouvelle-Aquitaine
553,Rue Claude Debussy,Soyaux,16800,Nouvelle-Aquitaine
554,Rue Claude Debussy,Surgères,17700,Nouvelle-Aquitaine
555,Rue Debussy,Talence,33400,Nouvelle-Aquitaine
556,Rue Claude Debussy,Terrasson-Lavilledieu,24120,Nouvelle-Aquitaine
557,Rue Claude Debussy,Thouars,79100,Nouvelle-Aquitaine
558,Rue Claude Debussy,Tonnay-Charente,17430,Nouvelle-Aquitaine
559,Rue Claude Debussy,Tulle,19000,Nouvelle-Aquitaine
560,Allée Claude Debussy,Varetz,19240,Nouvelle-Aquitaine
561,Rue Claude Debussy,Vieux-Boucau-les-Bains,40480,Nouvelle-Aquitaine
562,Rue Claude Debussy,Villenave-d'Ornon,33140,Nouvelle-Aquitaine
563,Rue Claude Debussy,Villeneuve-sur-Lot,47300,Nouvelle-Aquitaine
564,Rue Claude Debussy,Abeilhan,34290,Occitanie
565,Rue Claude Debussy,Albi,81000,Occitanie
566,Rue Claude Debussy,Alénya,66200,Occitanie
567,Rue Claude Debussy,Alès,30100,Occitanie
568,Rue Debussy,Auch,32000,Occitanie
569,Rue Claude Debussy,Bagnères-de-Bigorre,65200,Occitanie
570,Rue Claude Debussy,Boujan-sur-Libron,34760,Occitanie
571,Rue Claude Debussy,Cahors,46000,Occitanie
572,Rue Claude Debussy,Carcassonne,11000,Occitanie
573,Rue Claude Debussy,Carmaux,81400,Occitanie
574,Impasse Debussy,Castelmaurou,31180,Occitanie
575,Rue Claude Debussy,Castres,81100,Occitanie
576,Rue Claude Debussy,Caussade,82300,Occitanie
577,Rue Claude Debussy,Cornebarrieu,31700,Occitanie
578,Rue Claude Debussy,Cugnaux,31270,Occitanie
579,Rue Claude Debussy,Decazeville,12300,Occitanie
580,Allée Claude Debussy,Fleurance,32500,Occitanie
581,Quartier Debussy,Foix,9000,Occitanie
582,Rue Debussy,Foix,9000,Occitanie
583,Rue Claude Debussy,Frontignan,34110,Occitanie
584,Avenue Claude Debussy,Graulhet,81300,Occitanie
585,Rue Debussy,Horgues,65310,Occitanie
586,Place Claude Debussy,Juvignac,34990,Occitanie
587,Rue Claude Debussy,Labruguière,81290,Occitanie
588,Rue Debussy,Lattes,34970,Occitanie
589,Rue Claude Debussy,Lézignan-Corbières,11200,Occitanie
590,Rue Claude Debussy,Llupia,66300,Occitanie
591,Rue Claude Debussy,Lourdes,65100,Occitanie
592,Impasse Claude Debussy,Marguerittes,30320,Occitanie
593,Rue Claude Debussy,Marsillargues,34590,Occitanie
594,Enclos Debussy,Mauguio,34130,Occitanie
595,Rue Claude Debussy,Millau,12100,Occitanie
596,Rue Claude Debussy,Montauban,82000,Occitanie
597,Rue Claude Debussy,Montpellier,34000,Occitanie
598,Rue Claude Debussy,Muret,31600,Occitanie
599,Impasse Debussy,Ouveillan,11590,Occitanie
600,Rue Debussy,Pennautier,11610,Occitanie
601,Rue Claude Debussy,Péret,34800,Occitanie
602,Rue Claude Debussy,Perpignan,66000,Occitanie
603,Allée Claude Debussy,Pézenas,34120,Occitanie
604,Rue Claude Debussy,Pierrefitte-Nestalas,65260,Occitanie
605,Rue Claude Debussy,Port-la-Nouvelle,11210,Occitanie
606,Rue Debussy,Portet-sur-Garonne,31120,Occitanie
607,Rue Claude Debussy,Portiragnes,34420,Occitanie
608,Impasse Claude Debussy,Revel,31250,Occitanie
609,Boulevard Claude Debussy,Rochefort-du-Gard,30650,Occitanie
610,Rue Claude Debussy,Saint-Alban,31140,Occitanie
611,Rue Debussy,Saint-Céré,46400,Occitanie
612,Rue Claude Debussy,Saint-Cyprien,66750,Occitanie
613,Rue Claude Debussy,Saint-Gély-du-Fesc,34980,Occitanie
614,Rue Claude Debussy,Saint-Juéry,81160,Occitanie
615,Rue Claude Debussy,Saint-Laurent-de-la-Salanque,66250,Occitanie
616,Impasse Claude Debussy,Saint-Martin-de-Valgalgues,30520,Occitanie
617,Impasse Claude Debussy,Saint-Nazaire,66570,Occitanie
618,Impasse Claude Debussy,Saint-Sardos,82600,Occitanie
619,Rue Debussy,Saint-Sulpice-la-Pointe,81370,Occitanie
620,Rue Claude Debussy,Sainte-Marie-la-Mer,66470,Occitanie
621,Allée Claude Debussy,Sauvian,34410,Occitanie
622,Rue Claude Debussy,Sérignan,34410,Occitanie
623,Boulevard Claude Debussy,Tarbes,65000,Occitanie
624,Cité Claude Debussy,Tarbes,65000,Occitanie
625,Rue Claude Debussy,Toulouse,31000,Occitanie
626,Rue Claude Debussy,Tournefeuille,31170,Occitanie
627,Rue Claude Debussy,Trèbes,11800,Occitanie
628,Impasse Claude Debussy,Vauvert,30600,Occitanie
629,Impasse Claude Debussy,Verdun-sur-Garonne,82600,Occitanie
630,Impasse Debussy,Vernet-les-Bains,66820,Occitanie
631,Rue Debussy,Villemur-sur-Tarn,31340,Occitanie
632,Rue Claude Debussy,Villeneuve-Tolosane,31270,Occitanie
633,Rue Claude Debussy,Aizenay,85190,Pays de la Loire
634,Rue Claude Debussy,Allonnes,72700,Pays de la Loire
635,Rue Claude Debussy,Angers,49000,Pays de la Loire
636,Avenue Claude Debussy,Avrillé,49240,Pays de la Loire
637,Square Claude Debussy,Beaucouzé,49070,Pays de la Loire
638,Square Claude Debussy,Beaupréau-en-Mauges,49110,Pays de la Loire
639,Impasse Claude Debussy,Bellevigny,85170,Pays de la Loire
640,Rue Claude Debussy,Bonchamp-lès-Laval,53960,Pays de la Loire
641,Rue Claude Debussy,Bouaye,44830,Pays de la Loire
642,Rue Claude Debussy,Bouvron,44130,Pays de la Loire
643,Rue Debussy,Carquefou,44470,Pays de la Loire
644,Rue Claude Debussy,Challans,85300,Pays de la Loire
645,Rue Claude Debussy,Châteaubriant,44110,Pays de la Loire
646,Square Claude Debussy,Cholet,49300,Pays de la Loire
647,Rue Claude Debussy,Couëron,44220,Pays de la Loire
648,Allée Claude Debussy,Ernée,53500,Pays de la Loire
649,Impasse Claude Debussy,Haute-Goulaine,44115,Pays de la Loire
650,Rue Claude Debussy,Héric,44810,Pays de la Loire
651,Allée Claude Debussy,Laval,53000,Pays de la Loire
652,Square Claude Debussy,Ligné,44850,Pays de la Loire
653,Impasse Claude Debussy,Mayenne,53100,Pays de la Loire
654,Rue Claude Debussy,Montournais,85700,Pays de la Loire
655,Rue Claude Debussy,Montreuil-Juigné,49460,Pays de la Loire
656,Allée Claude Debussy,Montval-sur-Loir,72500,Pays de la Loire
657,Rue Claude Debussy,Mulsanne,72230,Pays de la Loire
658,Avenue Claude Debussy,Nantes,44000,Pays de la Loire
659,Rue Claude Debussy,Neuville-sur-Sarthe,72190,Pays de la Loire
660,Rue Claude Debussy,Orvault,44700,Pays de la Loire
661,Avenue Debussy,Pornic,44210,Pays de la Loire
662,Rue Claude Debussy,Précigné,72300,Pays de la Loire
663,Rue Claude Debussy,Rezé,44400,Pays de la Loire
664,Rue Claude Debussy,Ruaudin,72230,Pays de la Loire
665,Rue Claude Debussy,Saint-Barthélemy-d'Anjou,49124,Pays de la Loire
666,Rue Debussy,Saint-Berthevin,53940,Pays de la Loire
667,Allée Claude Debussy,Saint-Herblain,44800,Pays de la Loire
668,Rue Claude Debussy,Saint-Nazaire,44600,Pays de la Loire
669,Allée Debussy,Saint-Sébastien-sur-Loire,44230,Pays de la Loire
670,Allée Claude Debussy,Sautron,44880,Pays de la Loire
671,Rue Claude Debussy,Segré-en-Anjou Bleu,49500,Pays de la Loire
672,Passage Claude Debussy,Sèvremoine,49230,Pays de la Loire
673,Mail Claude Debussy,Tiercé,49125,Pays de la Loire
674,Rue Claude Debussy,Trémentines,49340,Pays de la Loire
675,Rue Claude Debussy,Val d'Erdre-Auxence,49370,Pays de la Loire
676,Allée Claude Debussy,Vertou,44120,Pays de la Loire
677,Rue Claude Debussy,Vivy,49680,Pays de la Loire
678,Rue Claude Debussy,Arles,13104,Provence-Alpes-Côte d'Azur
679,Rue Claude Debussy,Avignon,84000,Provence-Alpes-Côte d'Azur
680,Avenue Claude Debussy,Carnoux-en-Provence,13470,Provence-Alpes-Côte d'Azur
681,Place Claude Debussy,Carpentras,84200,Provence-Alpes-Côte d'Azur
682,Avenue Claude Debussy,Carqueiranne,83320,Provence-Alpes-Côte d'Azur
683,Avenue Claude Debussy,Cavalaire-sur-Mer,83240,Provence-Alpes-Côte d'Azur
684,Rue Claude Debussy,Château-Arnoux-Saint-Auban,4160,Provence-Alpes-Côte d'Azur
685,Rue Claude Debussy,Châteaurenard,13160,Provence-Alpes-Côte d'Azur
686,Impasse Claude Debussy,Cuers,83390,Provence-Alpes-Côte d'Azur
687,Impasse Debussy,Entraigues-sur-la-Sorgue,84320,Provence-Alpes-Côte d'Azur
688,Avenue Claude Debussy,Fréjus,83370,Provence-Alpes-Côte d'Azur
689,Chemin Claude Debussy,Garéoult,83136,Provence-Alpes-Côte d'Azur
690,Rue Claude Debussy,Hyères,83400,Provence-Alpes-Côte d'Azur
691,Rue Claude Debussy,Marignane,13700,Provence-Alpes-Côte d'Azur
692,Allée Debussy,Montauroux,83440,Provence-Alpes-Côte d'Azur
693,Allée Debussy,Nans-les-Pins,83860,Provence-Alpes-Côte d'Azur
694,Avenue Claude Debussy,Nice,6000,Provence-Alpes-Côte d'Azur
695,Rue Claude Debussy,Orange,84100,Provence-Alpes-Côte d'Azur
696,Allée Claude Debussy,Port-de-Bouc,13110,Provence-Alpes-Côte d'Azur
697,Rue Claude Debussy,Rognac,13340,Provence-Alpes-Côte d'Azur
698,Rue Claude Debussy,Roquebrune-Cap-Martin,6190,Provence-Alpes-Côte d'Azur
699,Allée Claude Debussy,Roquebrune-sur-Argens,83380,Provence-Alpes-Côte d'Azur
700,Allée Claude Debussy,Saint-Mitre-les-Remparts,13920,Provence-Alpes-Côte d'Azur
701,Rue Claude Debussy,Salon-de-Provence,13300,Provence-Alpes-Côte d'Azur
702,Rue Claude Debussy,Sausset-les-Pins,13960,Provence-Alpes-Côte d'Azur
703,Impasse Claude Debussy,Six-Fours-les-Plages,83140,Provence-Alpes-Côte d'Azur
704,Rue Claude Debussy,Vaison-la-Romaine,84110,Provence-Alpes-Côte d'Azur
705,Allée Claude Debussy,Velaux,13880,Provence-Alpes-Côte d'Azur
706,Rue Debussy - Four Season Park,Villeneuve-Loubet,6270,Provence-Alpes-Côte d'Azur
